,pos,codon,hivmmer,pos,codon,shiver,pos,codon,hydra,pos,codon,bowtie2,pos,codon,bowtie2-pear
0,200,AAA,0.005091446938020878,200,AAA,0.014595736508546188,200,AAA,0.013157626323412415,200,AAA,0.014984767707539984,164,AAG,0.01667951287189764
1,237,ACG,0.004595780238144976,141,AGG,0.011935208866155156,164,AAG,0.011824563891646576,164,AAG,0.012879130449345995,200,AAA,0.014866390666164847
2,56,AGG,0.004340430523784386,164,AAG,0.011755615652077929,141,AGG,0.01169489391172952,141,AGG,0.01230838593327322,220,AAG,0.014177541485419687
3,141,AGG,0.0043339031613415825,220,AAG,0.010739081363931736,210,GGG,0.010027088430618664,210,GGG,0.012071619541440492,202,AAT,0.01416192693819903
4,140,GGA,0.003943661971830986,210,GGG,0.010627617959635823,130,AAG,0.00993974436016956,217,TCC,0.011102674082131057,204,TAA,0.01397220745690637
5,164,AAG,0.003902807503462168,130,AAG,0.010550849581474613,217,TCC,0.009426011355571327,205,AAC,0.01063068791479553,203,CAG,0.013947639190579628
6,193,CCG,0.0038328009998611296,203,ATC,0.010231045463784809,203,ATC,0.009402702470092093,203,ATC,0.01062124248496994,141,AGG,0.013942150480097506
7,304,AGG,0.0037938665823585203,205,AAC,0.010114247311827956,205,AAC,0.009331027267097988,130,AAG,0.01061903066515998,205,CAG,0.013786031673692606
8,310,CGG,0.0037599825984276436,217,TCC,0.010016811431773609,220,AAG,0.009265905383360522,204,AGT,0.010523156947084123,217,CCT,0.013771530711732208
9,3,GCT,0.003719986472776463,204,AGT,0.009981390627643376,204,AGT,0.00922065081889696,209,TGT,0.010234182168442598,173,TAG,0.013601305725349634
