,pos,codon,hivmmer,pos,codon,pidalyse,pos,codon,hydra,pos,codon,bowtie2
0,303,ATG,0.007605812958613116,236,GGG,0.5833333333333334,236,ATG,1.0,236,ATG,1.0
1,164,AAG,0.0064419189564079455,236,GCG,0.04166666666666666,217,TCC,0.01898428695605977,217,TCC,0.01978373519383857
2,163,GAA,0.006085910975454134,304,AGG,0.0024669362022887685,210,GGG,0.01888196328560517,210,GGG,0.019719020484311255
3,310,GGG,0.005982846866786554,318,AAG,0.0024134384641755226,224,GAA,0.01881925002762301,224,GAA,0.01961957516627908
4,304,AGG,0.005922873825756332,316,GGC,0.0023835289927535237,234,AAA,0.01861041011495701,234,AAA,0.019415494326425663
5,252,AAG,0.005780355427831176,164,AAG,0.002249903967513581,228,ATT,0.018489746851826,228,ATT,0.01929216939796544
6,165,GGC,0.005578625492281727,165,GGC,0.0022049659668296425,231,ACC,0.01846932339206264,229,TAC,0.019270630425797537
7,200,AGG,0.005561590074318305,252,AAG,0.0021253300702002965,229,TAC,0.018467341760275542,231,ACC,0.019270569851574083
8,316,GGC,0.0054899421810413185,200,AGG,0.002115500851695148,222,CTT,0.018463152254880568,222,CTT,0.01926366416418891
9,166,GGT,0.005201455377338635,263,GCA,0.0020695704613360377,203,ATC,0.01845838477617736,203,ATC,0.019263642396285245
