,pos,codon,hivmmer,pos,codon,shiver,pos,codon,hydra,pos,codon,bowtie2,pos,codon,bowtie2-pear
0,72,GGA,0.005360687963084907,314,CAC,0.0033251643292537304,155,AAA,0.00931437321708633,155,AAA,0.011238390006862504,162,AGA,0.004475633617746461
1,155,AAA,0.004407471178320107,323,CCG,0.0032896604722120228,158,GAA,0.006503420818677282,72,GGA,0.008765767534117792,346,AAA,0.004114416661362098
2,150,ACT,0.004267246586927631,318,AAC,0.003202137744172333,72,GGA,0.005614793734099632,158,GAA,0.0085381371077275,314,CAC,0.0040836233843971
3,323,CCG,0.0037712594444227455,346,AAA,0.003044506287794773,150,ACT,0.00437349861551721,150,ACT,0.006255361638094702,164,AAG,0.003856767815860328
4,158,GAA,0.003448666830438973,72,GGA,0.002897218191656969,153,CAA,0.004134016741213661,136,TGA,0.005965323231417556,318,AAC,0.0038237124279672102
5,123,ACA,0.0032187348597140075,158,GAA,0.0028883295754461398,323,CCG,0.004041271417262616,133,GAA,0.005771481282612586,329,GTT,0.0038191939928609742
6,0,CCG,0.0032132455362796,135,AGT,0.0027928703539695423,183,AAA,0.004014275691669463,153,CAA,0.005769610748863861,125,AAA,0.003714865682444008
7,153,CAA,0.003002305087318225,329,GTT,0.0026912158713957644,136,TGA,0.003895823907544781,323,CCG,0.005565353080218644,140,AAA,0.003623148625948332
8,112,CAA,0.00293075543502034,99,CCA,0.0026253186446904496,135,AGT,0.0037103848543900185,183,AAA,0.005361895387051244,143,GAA,0.003582076017094211
9,117,ACA,0.002926545149000773,321,AAG,0.00260419602493715,4,CGT,0.0036704570365415643,156,AAT,0.0051960133644186534,134,AAA,0.0035182348893476284
