,pos,codon,hivmmer,pos,codon,shiver,pos,codon,hydra,pos,codon,bowtie2,pos,codon,bowtie2-pear
0,72,GGA,0.0066356756491555155,72,GGA,0.004299522182007507,155,AAA,0.010401429569392395,155,AAA,0.012388584222533972,162,AGA,0.0061962956603534135
1,155,AAA,0.004532958998654735,346,AAA,0.00419200158188739,72,GGA,0.00794667512576813,72,GGA,0.011711844696546932,151,AGA,0.006123531858140569
2,323,CCG,0.0043006642136952265,314,CAC,0.0036588948535106695,158,GAA,0.007708198943388831,158,GAA,0.009544296084943863,346,AAA,0.0053647699090658574
3,150,ACT,0.004206430093579172,318,AAC,0.003656669491757115,153,CAA,0.0053209929923379255,14,GCA,0.007911470510363892,125,AAA,0.00490543174369119
4,0,CCG,0.004136074884724229,99,CCA,0.003449200649611872,4,CGT,0.0046956521739130435,14,GAA,0.007687095283183973,152,AAA,0.004777272022660335
5,153,CAA,0.003844851049162987,158,GAA,0.0034140073146437344,323,CCG,0.004436928269042896,153,CAA,0.007007025019433968,314,CAC,0.004712907444419771
6,14,GCA,0.0035861917928221407,329,GTT,0.003412130412781031,99,CCA,0.004414921625015189,99,CCA,0.006238974068113097,318,AAC,0.004453400376486046
7,158,GAA,0.0034439742388339433,323,CCG,0.0034056570196313797,150,ACT,0.0043829765191994285,150,ACT,0.006215561925413257,329,GTT,0.004450493101735693
8,107,CAA,0.0034169742146127327,344,TGC,0.0031755988552162146,136,TGA,0.004279190614912212,323,CCG,0.0061391200594581455,164,AAG,0.004446190902409384
9,3,ACG,0.0033989062737353787,273,AAG,0.0030947655668568594,3,ACG,0.004229537402846438,136,TGA,0.006138425734990868,143,GAA,0.004389731844641664
